Header 1,Header 2,Header 3,Header 4,Header 5,Header 6,Header 7,Header 8
uint32_t,uint32_t,double,double,bool,bool,TestEnum,TestEnum
0,65535,0,26.875,0,1,0,1
1,65536,0.111,3.333333333,1,0,1,2
4294967295,4294967294,65535.65535,10000000,0,1,2,3
